{
  "experiment_id": "agg_sum",
  "config": {
    "experiment_id": "agg_sum",
    "description": "Logistic Regression with sum aggregation",
    "model_type": "logistic_regression",
    "aggregation_method": "sum",
    "preprocessor_config": {},
    "hyperparameter_tuning": true,
    "custom_params": {}
  },
  "training_time": 168.56055760383606,
  "cv_f1_mean": 0.7369314078551538,
  "cv_f1_std": 0.007269462428437295,
  "test_f1": 0.7393954761298083,
  "test_accuracy": 0.733948087431694,
  "per_class_f1": {
    "negative": 0.8177954094644374,
    "neutral": 0.5758697261287934,
    "positive": 0.6495901639344263
  },
  "confusion_matrix": [
    [
      1443,
      271,
      121
    ],
    [
      166,
      389,
      65
    ],
    [
      85,
      71,
      317
    ]
  ],
  "detailed_results": {
    "training_results": {
      "model_type": "logistic_regression",
      "training_samples": 11712,
      "feature_dim": 100,
      "classes": [
        "negative",
        "neutral",
        "positive"
      ],
      "hyperparameter_tuning": true,
      "best_params": {
        "C": 0.1,
        "penalty": "l1",
        "solver": "liblinear"
      },
      "best_cv_score": 0.7369314078551538,
      "cv_results": {
        "mean_scores": [
          0.7369314078551538,
          0.7029139922733255,
          0.736461957399763,
          0.7050901436388841,
          0.7367695600312845,
          0.7038598458173759,
          0.7368307659011718,
          0.7040145533911226,
          0.7367567038589378,
          0.7039324012909632,
          0.7365911127153625,
          0.7036062500146217
        ],
        "std_scores": [
          0.007269462428437295,
          0.004426779570347259,
          0.00516149179817422,
          0.00481553354315051,
          0.004502762699137826,
          0.004544395613449377,
          0.004155152200604893,
          0.004660278024550937,
          0.0037305793256118516,
          0.004416535279599237,
          0.0035956986883838105,
          0.004274278962020088
        ]
      },
      "cv_scores": [
        0.7432180699654397,
        0.7367704144257269,
        0.7363452255579731,
        0.7239393651119397,
        0.7443839642146893
      ],
      "cv_mean": 0.7369314078551538,
      "cv_std": 0.007269462428437295,
      "training_time_seconds": 165.49947571754456
    },
    "evaluation_results": {
      "accuracy": 0.733948087431694,
      "macro_avg": {
        "precision": 0.6713988062948152,
        "recall": 0.6946618838261708,
        "f1-score": 0.6810850998425524,
        "support": 2928
      },
      "weighted_avg": {
        "precision": 0.7483377965322109,
        "recall": 0.733948087431694,
        "f1-score": 0.7393954761298083,
        "support": 2928
      },
      "per_class": {
        "negative": {
          "precision": 0.8518299881936245,
          "recall": 0.7863760217983651,
          "f1-score": 0.8177954094644374,
          "support": 1835
        },
        "neutral": {
          "precision": 0.5321477428180574,
          "recall": 0.6274193548387097,
          "f1-score": 0.5758697261287934,
          "support": 620
        },
        "positive": {
          "precision": 0.6302186878727635,
          "recall": 0.6701902748414377,
          "f1-score": 0.6495901639344263,
          "support": 473
        }
      },
      "confusion_matrix": [
        [
          1443,
          271,
          121
        ],
        [
          166,
          389,
          65
        ],
        [
          85,
          71,
          317
        ]
      ],
      "class_names": [
        "negative",
        "neutral",
        "positive"
      ],
      "total_samples": 2928
    }
  },
  "timestamp": "2025-05-24T17:26:57.891007"
}