{
  "experiment_id": "agg_max",
  "config": {
    "experiment_id": "agg_max",
    "description": "Logistic Regression with max aggregation",
    "model_type": "logistic_regression",
    "aggregation_method": "max",
    "preprocessor_config": {},
    "hyperparameter_tuning": true,
    "custom_params": {}
  },
  "training_time": 81.23435091972351,
  "cv_f1_mean": 0.6887977554868556,
  "cv_f1_std": 0.007917432658846391,
  "test_f1": 0.6847867456629997,
  "test_accuracy": 0.6864754098360656,
  "per_class_f1": {
    "negative": 0.797509474824039,
    "neutral": 0.4756201881950385,
    "positive": 0.5216515609264855
  },
  "confusion_matrix": [
    [
      1473,
      202,
      160
    ],
    [
      241,
      278,
      101
    ],
    [
      145,
      69,
      259
    ]
  ],
  "detailed_results": {
    "training_results": {
      "model_type": "logistic_regression",
      "training_samples": 11712,
      "feature_dim": 100,
      "classes": [
        "negative",
        "neutral",
        "positive"
      ],
      "hyperparameter_tuning": true,
      "best_params": {
        "C": 0.1,
        "penalty": "l1",
        "solver": "liblinear"
      },
      "best_cv_score": 0.6887977554868556,
      "cv_results": {
        "mean_scores": [
          0.6887977554868556,
          0.650126236101809,
          0.6881402570585673,
          0.648291219145986,
          0.6882149056937739,
          0.6483152565595864,
          0.6876187522107287,
          0.6475736878927559,
          0.6876929805280818,
          0.6476693492716374,
          0.6876859601682626,
          0.647433398254273
        ],
        "std_scores": [
          0.007917432658846391,
          0.006761846061956641,
          0.005548514160638113,
          0.0075571978703841075,
          0.0059042143173583285,
          0.0074784835776988395,
          0.005341103773219765,
          0.007690310531684145,
          0.005724995731281941,
          0.007772785190685557,
          0.005442728410507284,
          0.007682968765874944
        ]
      },
      "cv_scores": [
        0.6871674774118023,
        0.6942327398448912,
        0.6984633592345775,
        0.6750954161050207,
        0.6890297848379862
      ],
      "cv_mean": 0.6887977554868556,
      "cv_std": 0.007917432658846391,
      "training_time_seconds": 78.0192859172821
    },
    "evaluation_results": {
      "accuracy": 0.6864754098360656,
      "macro_avg": {
        "precision": 0.598937878477601,
        "recall": 0.5995602009246428,
        "f1-score": 0.5982604079818543,
        "support": 2928
      },
      "weighted_avg": {
        "precision": 0.6842644638487296,
        "recall": 0.6864754098360656,
        "f1-score": 0.6847867456629997,
        "support": 2928
      },
      "per_class": {
        "negative": {
          "precision": 0.792361484669177,
          "recall": 0.802724795640327,
          "f1-score": 0.797509474824039,
          "support": 1835
        },
        "neutral": {
          "precision": 0.5063752276867031,
          "recall": 0.4483870967741935,
          "f1-score": 0.4756201881950385,
          "support": 620
        },
        "positive": {
          "precision": 0.4980769230769231,
          "recall": 0.547568710359408,
          "f1-score": 0.5216515609264855,
          "support": 473
        }
      },
      "confusion_matrix": [
        [
          1473,
          202,
          160
        ],
        [
          241,
          278,
          101
        ],
        [
          145,
          69,
          259
        ]
      ],
      "class_names": [
        "negative",
        "neutral",
        "positive"
      ],
      "total_samples": 2928
    }
  },
  "timestamp": "2025-05-24T17:28:19.130360"
}