{
  "experiment_id": "baseline",
  "config": {
    "experiment_id": "baseline",
    "description": "Baseline: Logistic Regression with mean aggregation",
    "model_type": "logistic_regression",
    "aggregation_method": "mean",
    "preprocessor_config": {},
    "hyperparameter_tuning": true,
    "custom_params": {}
  },
  "training_time": 164.87128162384033,
  "cv_f1_mean": 0.7255994371237703,
  "cv_f1_std": 0.00789982363131628,
  "test_f1": 0.7284364816103445,
  "test_accuracy": 0.7312158469945356,
  "per_class_f1": {
    "negative": 0.824670078103959,
    "neutral": 0.5055131467345209,
    "positive": 0.6473029045643154
  },
  "confusion_matrix": [
    [
      1531,
      205,
      99
    ],
    [
      242,
      298,
      80
    ],
    [
      105,
      56,
      312
    ]
  ],
  "detailed_results": {
    "training_results": {
      "model_type": "logistic_regression",
      "training_samples": 11712,
      "feature_dim": 100,
      "classes": [
        "negative",
        "neutral",
        "positive"
      ],
      "hyperparameter_tuning": true,
      "best_params": {
        "C": 0.1,
        "penalty": "l1",
        "solver": "liblinear"
      },
      "best_cv_score": 0.7255994371237703,
      "cv_results": {
        "mean_scores": [
          0.7255994371237703,
          0.6944246385155317,
          0.7241765886756978,
          0.6920194824669623,
          0.7254072205081916,
          0.6919462310115134,
          0.7251871973309619,
          0.691697033501871,
          0.7252455794565742,
          0.6916148217551346,
          0.7252455794565742,
          0.691596954920132
        ],
        "std_scores": [
          0.00789982363131628,
          0.005240248397471016,
          0.006521003350900554,
          0.004148147202815996,
          0.006410421522401543,
          0.003677714742474505,
          0.006172866185842596,
          0.003628812970651014,
          0.0060523047323439985,
          0.003639840643675667,
          0.0060523047323439985,
          0.0037154195233007844
        ]
      },
      "cv_scores": [
        0.7320286818483275,
        0.7341774284260637,
        0.7258716789214236,
        0.7116227585862771,
        0.7242966378367596
      ],
      "cv_mean": 0.7255994371237703,
      "cv_std": 0.00789982363131628,
      "training_time_seconds": 158.02072763442993
    },
    "evaluation_results": {
      "accuracy": 0.7312158469945356,
      "macro_avg": {
        "precision": 0.661253887008154,
        "recall": 0.6581990122251891,
        "f1-score": 0.659162043134265,
        "support": 2928
      },
      "weighted_avg": {
        "precision": 0.726443325166635,
        "recall": 0.7312158469945356,
        "f1-score": 0.7284364816103445,
        "support": 2928
      },
      "per_class": {
        "negative": {
          "precision": 0.8152289669861554,
          "recall": 0.8343324250681199,
          "f1-score": 0.824670078103959,
          "support": 1835
        },
        "neutral": {
          "precision": 0.5330948121645797,
          "recall": 0.4806451612903226,
          "f1-score": 0.5055131467345209,
          "support": 620
        },
        "positive": {
          "precision": 0.6354378818737271,
          "recall": 0.6596194503171248,
          "f1-score": 0.6473029045643154,
          "support": 473
        }
      },
      "confusion_matrix": [
        [
          1531,
          205,
          99
        ],
        [
          242,
          298,
          80
        ],
        [
          105,
          56,
          312
        ]
      ],
      "class_names": [
        "negative",
        "neutral",
        "positive"
      ],
      "total_samples": 2928
    }
  },
  "timestamp": "2025-05-24T17:24:09.312636"
}