{
  "experiment_id": "naive_bayes",
  "config": {
    "experiment_id": "naive_bayes",
    "description": "Naive Bayes with mean aggregation",
    "model_type": "naive_bayes",
    "aggregation_method": "mean",
    "preprocessor_config": {},
    "hyperparameter_tuning": true,
    "custom_params": {}
  },
  "training_time": 8.866968154907227,
  "cv_f1_mean": 0.6497724532185478,
  "cv_f1_std": 0.002473595026458728,
  "test_f1": 0.6529003829996298,
  "test_accuracy": 0.671448087431694,
  "per_class_f1": {
    "negative": 0.7895134862616587,
    "neutral": 0.4224841341795105,
    "positive": 0.42493638676844786
  },
  "confusion_matrix": [
    [
      1566,
      186,
      83
    ],
    [
      324,
      233,
      63
    ],
    [
      242,
      64,
      167
    ]
  ],
  "detailed_results": {
    "training_results": {
      "model_type": "naive_bayes",
      "training_samples": 11712,
      "feature_dim": 100,
      "classes": [
        "negative",
        "neutral",
        "positive"
      ],
      "hyperparameter_tuning": true,
      "best_params": {
        "var_smoothing": 1e-09
      },
      "best_cv_score": 0.6497724532185478,
      "cv_results": {
        "mean_scores": [
          0.6497724532185478,
          0.6497724532185478,
          0.6497724532185478,
          0.6497724532185478
        ],
        "std_scores": [
          0.002473595026458728,
          0.002473595026458728,
          0.002473595026458728,
          0.002473595026458728
        ]
      },
      "cv_scores": [
        0.6504929619199286,
        0.6501917595220624,
        0.6525011897604726,
        0.6451023446140571,
        0.6505740102762181
      ],
      "cv_mean": 0.6497724532185478,
      "cv_std": 0.002473595026458728,
      "training_time_seconds": 3.992598533630371
    },
    "evaluation_results": {
      "accuracy": 0.671448087431694,
      "macro_avg": {
        "precision": 0.5834898527260949,
        "recall": 0.5274259950917876,
        "f1-score": 0.5456446690698724,
        "support": 2928
      },
      "weighted_avg": {
        "precision": 0.64866923872546,
        "recall": 0.671448087431694,
        "f1-score": 0.6529003829996298,
        "support": 2928
      },
      "per_class": {
        "negative": {
          "precision": 0.7345215759849906,
          "recall": 0.8534059945504087,
          "f1-score": 0.7895134862616587,
          "support": 1835
        },
        "neutral": {
          "precision": 0.4824016563146998,
          "recall": 0.3758064516129032,
          "f1-score": 0.4224841341795105,
          "support": 620
        },
        "positive": {
          "precision": 0.5335463258785943,
          "recall": 0.35306553911205074,
          "f1-score": 0.42493638676844786,
          "support": 473
        }
      },
      "confusion_matrix": [
        [
          1566,
          186,
          83
        ],
        [
          324,
          233,
          63
        ],
        [
          242,
          64,
          167
        ]
      ],
      "class_names": [
        "negative",
        "neutral",
        "positive"
      ],
      "total_samples": 2928
    }
  },
  "timestamp": "2025-05-24T19:22:53.090217"
}