{
  "experiment_id": "random_forest",
  "config": {
    "experiment_id": "random_forest",
    "description": "Random Forest with mean aggregation",
    "model_type": "random_forest",
    "aggregation_method": "mean",
    "preprocessor_config": {},
    "hyperparameter_tuning": true,
    "custom_params": {}
  },
  "training_time": 1381.2734785079956,
  "cv_f1_mean": 0.7189943569478519,
  "cv_f1_std": 0.011869132847465208,
  "test_f1": 0.718157544827695,
  "test_accuracy": 0.7284836065573771,
  "per_class_f1": {
    "negative": 0.8241673121611154,
    "neutral": 0.5041246562786434,
    "positive": 0.5874439461883408
  },
  "confusion_matrix": [
    [
      1596,
      137,
      102
    ],
    [
      290,
      275,
      55
    ],
    [
      152,
      59,
      262
    ]
  ],
  "detailed_results": {
    "training_results": {
      "model_type": "random_forest",
      "training_samples": 11712,
      "feature_dim": 100,
      "classes": [
        "negative",
        "neutral",
        "positive"
      ],
      "hyperparameter_tuning": true,
      "best_params": {
        "max_depth": 10,
        "min_samples_split": 10,
        "n_estimators": 200
      },
      "best_cv_score": 0.7189943569478519,
      "cv_results": {
        "mean_scores": [
          0.7006086232458137,
          0.7090699084942627,
          0.710638993795736,
          0.7069393192959559,
          0.7122696564038524,
          0.7149343887797068,
          0.7078951195479981,
          0.712665494303294,
          0.7189943569478519,
          0.6399357109566477,
          0.6391929337431925,
          0.6389115514275588,
          0.6583497451222683,
          0.6540562753663662,
          0.6546329282341954,
          0.6856369341043249,
          0.6882091464851263,
          0.6911114178384612,
          0.6392194784860463,
          0.6355783186586883,
          0.6348851528234885,
          0.6605239307278546,
          0.657404184570216,
          0.6542127377895881,
          0.6880854504596876,
          0.6885355785279372,
          0.6903345398578189
        ],
        "std_scores": [
          0.008795540531762399,
          0.009615506451867683,
          0.009195915675183042,
          0.010318763066996434,
          0.010473181294397789,
          0.010007187748130116,
          0.00912534728053042,
          0.010184131638143367,
          0.011869132847465208,
          0.006484007477840227,
          0.004966077512395737,
          0.005908008244357434,
          0.00959109301398313,
          0.008852178737680082,
          0.007282045946296906,
          0.008003339554928934,
          0.0046001408963873775,
          0.003313440251729617,
          0.004842833488771864,
          0.0058138239763674835,
          0.0043442706511311,
          0.002739471202209138,
          0.005320760658449129,
          0.0078010801519719335,
          0.007771017605141837,
          0.006558777897115397,
          0.0034446542545139213
        ]
      },
      "cv_scores": [
        0.7142474395172094,
        0.7310092151347954,
        0.7304393046583485,
        0.6988810868599833,
        0.7203947385689232
      ],
      "cv_mean": 0.7189943569478519,
      "cv_std": 0.011869132847465208,
      "training_time_seconds": 1375.7477176189423
    },
    "evaluation_results": {
      "accuracy": 0.7284836065573771,
      "macro_avg": {
        "precision": 0.664094384942216,
        "recall": 0.6224047868543802,
        "f1-score": 0.6385786382093666,
        "support": 2928
      },
      "weighted_avg": {
        "precision": 0.7154331830826371,
        "recall": 0.7284836065573771,
        "f1-score": 0.718157544827695,
        "support": 2928
      },
      "per_class": {
        "negative": {
          "precision": 0.7831207065750736,
          "recall": 0.8697547683923705,
          "f1-score": 0.8241673121611154,
          "support": 1835
        },
        "neutral": {
          "precision": 0.583864118895966,
          "recall": 0.4435483870967742,
          "f1-score": 0.5041246562786434,
          "support": 620
        },
        "positive": {
          "precision": 0.6252983293556086,
          "recall": 0.5539112050739958,
          "f1-score": 0.5874439461883408,
          "support": 473
        }
      },
      "confusion_matrix": [
        [
          1596,
          137,
          102
        ],
        [
          290,
          275,
          55
        ],
        [
          152,
          59,
          262
        ]
      ],
      "class_names": [
        "negative",
        "neutral",
        "positive"
      ],
      "total_samples": 2928
    }
  },
  "timestamp": "2025-05-24T17:51:20.408970"
}