{
  "experiment_id": "rf_sum",
  "config": {
    "experiment_id": "rf_sum",
    "description": "Random Forest with sum aggregation",
    "model_type": "random_forest",
    "aggregation_method": "sum",
    "preprocessor_config": {},
    "hyperparameter_tuning": true,
    "custom_params": {}
  },
  "training_time": 1155.5629720687866,
  "cv_f1_mean": 0.7059586870171586,
  "cv_f1_std": 0.00828443835113362,
  "test_f1": 0.697709417211387,
  "test_accuracy": 0.7015027322404371,
  "per_class_f1": {
    "negative": 0.8006379585326954,
    "neutral": 0.5078864353312303,
    "positive": 0.5472154963680388
  },
  "confusion_matrix": [
    [
      1506,
      249,
      80
    ],
    [
      251,
      322,
      47
    ],
    [
      170,
      77,
      226
    ]
  ],
  "detailed_results": {
    "training_results": {
      "model_type": "random_forest",
      "training_samples": 11712,
      "feature_dim": 100,
      "classes": [
        "negative",
        "neutral",
        "positive"
      ],
      "hyperparameter_tuning": true,
      "best_params": {
        "max_depth": 10,
        "min_samples_split": 5,
        "n_estimators": 100
      },
      "best_cv_score": 0.7059586870171586,
      "cv_results": {
        "mean_scores": [
          0.7019078611159794,
          0.7013970241098388,
          0.7050006531415344,
          0.6997580480328144,
          0.7059586870171586,
          0.7051035430170237,
          0.7017756562958068,
          0.7018849068409707,
          0.7052269635144843,
          0.67528823286888,
          0.6776004084893763,
          0.6772353988710375,
          0.6865604011912231,
          0.6877976870154251,
          0.6873018107271529,
          0.6960148778500154,
          0.6972544687860311,
          0.6988850148443193,
          0.6702123134680479,
          0.6722843012836647,
          0.6755903253956272,
          0.6820216916173253,
          0.6844941715821536,
          0.6851466433191808,
          0.6992686138278061,
          0.6975446820830339,
          0.6975303404645945
        ],
        "std_scores": [
          0.009370213972165807,
          0.00831506014236599,
          0.01005384719145714,
          0.007757348659010504,
          0.00828443835113362,
          0.009932093109501314,
          0.011377414636049113,
          0.010025027901177767,
          0.010526812629086101,
          0.0038561956096688607,
          0.002590708134859533,
          0.0012594290140797654,
          0.006145407798814811,
          0.0039899288428242195,
          0.004451130754270937,
          0.010495956962371598,
          0.008189811784758532,
          0.00827445102566924,
          0.003943228997783154,
          0.0034375445113155314,
          0.003969096314418592,
          0.00721451192287563,
          0.0038210166823972993,
          0.004849342725820273,
          0.00915849961610381,
          0.010241513348532743,
          0.006437700715634855
        ]
      },
      "cv_scores": [
        0.7035343312840756,
        0.7135430751996764,
        0.7065039248140664,
        0.6916346350111882,
        0.7145774687767866
      ],
      "cv_mean": 0.7059586870171586,
      "cv_std": 0.00828443835113362,
      "training_time_seconds": 1152.0704936981201
    },
    "evaluation_results": {
      "accuracy": 0.7015027322404371,
      "macro_avg": {
        "precision": 0.639555298913133,
        "recall": 0.6059548513583685,
        "f1-score": 0.6185799634106548,
        "support": 2928
      },
      "weighted_avg": {
        "precision": 0.6984334876917885,
        "recall": 0.7015027322404371,
        "f1-score": 0.697709417211387,
        "support": 2928
      },
      "per_class": {
        "negative": {
          "precision": 0.7815256875973015,
          "recall": 0.820708446866485,
          "f1-score": 0.8006379585326954,
          "support": 1835
        },
        "neutral": {
          "precision": 0.49691358024691357,
          "recall": 0.5193548387096775,
          "f1-score": 0.5078864353312303,
          "support": 620
        },
        "positive": {
          "precision": 0.6402266288951841,
          "recall": 0.47780126849894294,
          "f1-score": 0.5472154963680388,
          "support": 473
        }
      },
      "confusion_matrix": [
        [
          1506,
          249,
          80
        ],
        [
          251,
          322,
          47
        ],
        [
          170,
          77,
          226
        ]
      ],
      "class_names": [
        "negative",
        "neutral",
        "positive"
      ],
      "total_samples": 2928
    }
  },
  "timestamp": "2025-05-24T19:47:38.790935"
}