{
  "experiment_id": "svm_rbf",
  "config": {
    "experiment_id": "svm_rbf",
    "description": "SVM with RBF kernel",
    "model_type": "svm",
    "aggregation_method": "mean",
    "preprocessor_config": {},
    "hyperparameter_tuning": true,
    "custom_params": {}
  },
  "training_time": 5483.788168668747,
  "cv_f1_mean": 0.7425276324761926,
  "cv_f1_std": 0.006400677351767095,
  "test_f1": 0.7437946255307125,
  "test_accuracy": 0.735655737704918,
  "per_class_f1": {
    "negative": 0.818815331010453,
    "neutral": 0.6001405481377371,
    "positive": 0.641051567239636
  },
  "confusion_matrix": [
    [
      1410,
      282,
      143
    ],
    [
      137,
      427,
      56
    ],
    [
      62,
      94,
      317
    ]
  ],
  "detailed_results": {
    "training_results": {
      "model_type": "svm",
      "training_samples": 11712,
      "feature_dim": 100,
      "classes": [
        "negative",
        "neutral",
        "positive"
      ],
      "hyperparameter_tuning": true,
      "best_params": {
        "C": 1.0,
        "gamma": "auto",
        "kernel": "rbf"
      },
      "best_cv_score": 0.7425276324761926,
      "cv_results": {
        "mean_scores": [
          0.6975990328359649,
          0.7143640118808079,
          0.6975990328359649,
          0.7142909369401852,
          0.6969574621059221,
          0.7424742296009443,
          0.6969574621059221,
          0.7425276324761926,
          0.6963661258856277,
          0.7418011739756601,
          0.6963661258856277,
          0.741457607958726
        ],
        "std_scores": [
          0.0060684399910156915,
          0.009325724557414152,
          0.0060684399910156915,
          0.009179911202684138,
          0.006452024029653886,
          0.0064933381618975435,
          0.006452024029653886,
          0.006400677351767095,
          0.0065764037149251345,
          0.009605761521394229,
          0.0065764037149251345,
          0.00937834115390785
        ]
      },
      "cv_scores": [
        0.7446787171151599,
        0.7454278117689546,
        0.736443713387155,
        0.7342616514764022,
        0.7518262686332913
      ],
      "cv_mean": 0.7425276324761926,
      "cv_std": 0.006400677351767095,
      "training_time_seconds": 5473.221457481384
    },
    "evaluation_results": {
      "accuracy": 0.735655737704918,
      "macro_avg": {
        "precision": 0.6741392322244671,
        "recall": 0.7090974409443332,
        "f1-score": 0.686669148795942,
        "support": 2928
      },
      "weighted_avg": {
        "precision": 0.7610384146671184,
        "recall": 0.735655737704918,
        "f1-score": 0.7437946255307125,
        "support": 2928
      },
      "per_class": {
        "negative": {
          "precision": 0.8763206960845246,
          "recall": 0.7683923705722071,
          "f1-score": 0.818815331010453,
          "support": 1835
        },
        "neutral": {
          "precision": 0.5317559153175592,
          "recall": 0.6887096774193548,
          "f1-score": 0.6001405481377371,
          "support": 620
        },
        "positive": {
          "precision": 0.6143410852713178,
          "recall": 0.6701902748414377,
          "f1-score": 0.641051567239636,
          "support": 473
        }
      },
      "confusion_matrix": [
        [
          1410,
          282,
          143
        ],
        [
          137,
          427,
          56
        ],
        [
          62,
          94,
          317
        ]
      ],
      "class_names": [
        "negative",
        "neutral",
        "positive"
      ],
      "total_samples": 2928
    }
  },
  "timestamp": "2025-05-24T19:22:44.206802"
}