{
  "experiment_id": "svm_max",
  "config": {
    "experiment_id": "svm_max",
    "description": "SVM with max aggregation",
    "model_type": "svm",
    "aggregation_method": "max",
    "preprocessor_config": {},
    "hyperparameter_tuning": true,
    "custom_params": {}
  },
  "training_time": 5685.616549491882,
  "cv_f1_mean": 0.7120545204736092,
  "cv_f1_std": 0.005642293230325028,
  "test_f1": 0.7124502956702192,
  "test_accuracy": 0.7199453551912568,
  "per_class_f1": {
    "negative": 0.8211297071129707,
    "neutral": 0.5160744500846023,
    "positive": 0.548235294117647
  },
  "confusion_matrix": [
    [
      1570,
      176,
      89
    ],
    [
      260,
      305,
      55
    ],
    [
      159,
      81,
      233
    ]
  ],
  "detailed_results": {
    "training_results": {
      "model_type": "svm",
      "training_samples": 11712,
      "feature_dim": 100,
      "classes": [
        "negative",
        "neutral",
        "positive"
      ],
      "hyperparameter_tuning": true,
      "best_params": {
        "C": 10.0,
        "gamma": "auto",
        "kernel": "rbf"
      },
      "best_cv_score": 0.7120545204736092,
      "cv_results": {
        "mean_scores": [
          0.6557645810438831,
          0.6772263633649267,
          0.6557645810438831,
          0.6774372990226409,
          0.6557878393256015,
          0.7001176811808278,
          0.6557878393256015,
          0.7001170571368032,
          0.6554811480040461,
          0.7119052308876277,
          0.6554811480040461,
          0.7120545204736092
        ],
        "std_scores": [
          0.007959532310135438,
          0.007942287075167016,
          0.007959532310135438,
          0.00808479393257501,
          0.007866743197008166,
          0.006073191280356963,
          0.007866743197008166,
          0.005940730189740046,
          0.007437352782562635,
          0.0058905482877824634,
          0.007437352782562635,
          0.005642293230325028
        ]
      },
      "cv_scores": [
        0.7128230998158034,
        0.7196319152121613,
        0.7098424422298575,
        0.7152110808113028,
        0.7027640642989215
      ],
      "cv_mean": 0.7120545204736092,
      "cv_std": 0.005642293230325028,
      "training_time_seconds": 5676.1997146606445
    },
    "evaluation_results": {
      "accuracy": 0.7199453551912568,
      "macro_avg": {
        "precision": 0.6500277130632353,
        "recall": 0.613373912588873,
        "f1-score": 0.6284798171050734,
        "support": 2928
      },
      "weighted_avg": {
        "precision": 0.7094432585954003,
        "recall": 0.7199453551912568,
        "f1-score": 0.7124502956702192,
        "support": 2928
      },
      "per_class": {
        "negative": {
          "precision": 0.7893413775766717,
          "recall": 0.8555858310626703,
          "f1-score": 0.8211297071129707,
          "support": 1835
        },
        "neutral": {
          "precision": 0.5427046263345195,
          "recall": 0.49193548387096775,
          "f1-score": 0.5160744500846023,
          "support": 620
        },
        "positive": {
          "precision": 0.6180371352785146,
          "recall": 0.492600422832981,
          "f1-score": 0.548235294117647,
          "support": 473
        }
      },
      "confusion_matrix": [
        [
          1570,
          176,
          89
        ],
        [
          260,
          305,
          55
        ],
        [
          159,
          81,
          233
        ]
      ],
      "class_names": [
        "negative",
        "neutral",
        "positive"
      ],
      "total_samples": 2928
    }
  },
  "timestamp": "2025-05-24T21:22:24.416483"
}