{
  "dataset_overview": {
    "total_samples": 14640,
    "train_samples": 11712,
    "test_samples": 2928,
    "unique_labels": [
      "neutral",
      "negative",
      "positive"
    ]
  },
  "class_distribution": {
    "overall": {
      "counts": {
        "neutral": 3099,
        "negative": 9178,
        "positive": 2363
      },
      "percentages": {
        "neutral": 0.21168032786885246,
        "negative": 0.6269125683060109,
        "positive": 0.16140710382513662
      },
      "total_samples": 14640
    },
    "train": {
      "counts": {
        "neutral": 2479,
        "negative": 7343,
        "positive": 1890
      },
      "percentages": {
        "neutral": 0.21166325136612021,
        "negative": 0.6269637978142076,
        "positive": 0.16137295081967212
      },
      "total_samples": 11712
    },
    "test": {
      "counts": {
        "neutral": 620,
        "positive": 473,
        "negative": 1835
      },
      "percentages": {
        "neutral": 0.21174863387978143,
        "positive": 0.16154371584699453,
        "negative": 0.6267076502732241
      },
      "total_samples": 2928
    },
    "imbalance_analysis": {
      "max_class_percentage": 0.6269125683060109,
      "min_class_percentage": 0.16140710382513662,
      "imbalance_ratio": 3.88404570461278,
      "is_imbalanced": true
    }
  },
  "text_length_analysis": {
    "neutral": {
      "char_length": {
        "mean": 87.3594707970313,
        "median": 87.0,
        "std": 37.68290256534853,
        "min": 12,
        "max": 167
      },
      "word_count": {
        "mean": 14.408841561794127,
        "median": 14.0,
        "std": 6.96229348572793,
        "min": 2,
        "max": 31
      }
    },
    "negative": {
      "char_length": {
        "mean": 113.9479189365875,
        "median": 126.0,
        "std": 30.71900562976474,
        "min": 12,
        "max": 176
      },
      "word_count": {
        "mean": 19.686206145129656,
        "median": 21.0,
        "std": 5.944700612287028,
        "min": 2,
        "max": 36
      }
    },
    "positive": {
      "char_length": {
        "mean": 86.08294540837917,
        "median": 86.0,
        "std": 39.48210316380156,
        "min": 12,
        "max": 186
      },
      "word_count": {
        "mean": 14.0131189166314,
        "median": 14.0,
        "std": 7.039220995551295,
        "min": 2,
        "max": 31
      }
    },
    "overall": {
      "char_length": {
        "mean": 103.82206284153006,
        "median": 114.0,
        "std": 36.277338964396776,
        "min": 12,
        "max": 186
      },
      "word_count": {
        "mean": 17.65341530054645,
        "median": 19.0,
        "std": 6.882259181624969,
        "min": 2,
        "max": 36
      }
    }
  },
  "anomalies": {
    "empty_texts": [],
    "very_short_texts": [],
    "very_long_texts": [],
    "duplicate_texts": [
      4,
      15,
      31,
      50,
      63,
      66,
      77,
      91,
      101,
      147,
      161,
      201,
      344,
      377,
      386,
      469,
      493,
      594,
      644,
      679,
      696,
      738,
      776,
      785,
      813,
      827,
      848,
      900,
      949,
      1020,
      1120,
      1123,
      1127,
      1159,
      1161,
      1183,
      1185,
      1193,
      1271,
      1281,
      1284,
      1306,
      1318,
      1341,
      1361,
      1371,
      1384,
      1392,
      1399,
      1427,
      1435,
      1438,
      1451,
      1457,
      1530,
      1557,
      1599,
      1618,
      1626,
      1653,
      1702,
      1789,
      1794,
      1827,
      1830,
      1863,
      1883,
      1896,
      1921,
      1931,
      1941,
      2107,
      2199,
      2207,
      2286,
      2330,
      2360,
      2458,
      2517,
      2563,
      2568,
      2608,
      2622,
      2645,
      2664,
      2673,
      2703,
      2716,
      2726,
      2799,
      2808,
      2837,
      2905,
      2935,
      2983,
      2984,
      3015,
      3026,
      3028,
      3111,
      3131,
      3141,
      3156,
      3225,
      3322,
      3331,
      3370,
      3392,
      3400,
      3414,
      3459,
      3487,
      3494,
      3496,
      3503,
      3541,
      3557,
      3574,
      3609,
      3640,
      3656,
      3878,
      3970,
      3985,
      3986,
      4091,
      4164,
      4194,
      4272,
      4310,
      4314,
      4365,
      4378,
      4414,
      4418,
      4427,
      4430,
      4490,
      4510,
      4545,
      4553,
      4567,
      4574,
      4589,
      4689,
      4695,
      4704,
      4732,
      4786,
      4788,
      4799,
      4832,
      4845,
      4878,
      4945,
      4959,
      5004,
      5089,
      5134,
      5177,
      5186,
      5202,
      5231,
      5242,
      5312,
      5348,
      5381,
      5437,
      5528,
      5554,
      5561,
      5610,
      5615,
      5621,
      5654,
      5681,
      5726,
      5744,
      5767,
      5780,
      5781,
      5820,
      5857,
      5985,
      6007,
      6159,
      6285,
      6348,
      6349,
      6350,
      6499,
      6614,
      6624,
      6626,
      6653,
      6666,
      6690,
      6692,
      6713,
      6740,
      6743,
      6770,
      6843,
      6844,
      6854,
      6865,
      6884,
      6973,
      6993,
      6995,
      7025,
      7043,
      7063,
      7196,
      7273,
      7279,
      7282,
      7396,
      7416,
      7421,
      7424,
      7436,
      7458,
      7495,
      7498,
      7638,
      7725,
      7728,
      7762,
      7959,
      7960,
      7998,
      8004,
      8063,
      8071,
      8159,
      8182,
      8194,
      8224,
      8356,
      8362,
      8393,
      8491,
      8502,
      8565,
      8576,
      8596,
      8607,
      8640,
      8649,
      8666,
      8729,
      8736,
      8754,
      8782,
      8816,
      8848,
      8858,
      9043,
      9058,
      9208,
      9355,
      9414,
      9487,
      9524,
      9525,
      9543,
      9553,
      9621,
      9635,
      9640,
      9655,
      9656,
      9773,
      9875,
      9920,
      9932,
      9947,
      9975,
      10021,
      10037,
      10083,
      10135,
      10143,
      10169,
      10261,
      10288,
      10407,
      10473,
      10496,
      10515,
      10530,
      10556,
      10579,
      10732,
      10772,
      10799,
      10891,
      10906,
      10973,
      11026,
      11131,
      11144,
      11191,
      11222,
      11264,
      11303,
      11372,
      11402,
      11544,
      11588,
      11589,
      11643,
      11674,
      11727,
      11788,
      11829,
      11876,
      11886,
      11893,
      11931,
      11942,
      11980,
      12020,
      12025,
      12030,
      12032,
      12077,
      12138,
      12166,
      12257,
      12283,
      12335,
      12342,
      12367,
      12371,
      12381,
      12444,
      12490,
      12493,
      12501,
      12502,
      12545,
      12554,
      12589,
      12594,
      12606,
      12646,
      12676,
      12685,
      12689,
      12843,
      12869,
      12906,
      12918,
      12940,
      12943,
      12971,
      12989,
      13040,
      13124,
      13146,
      13228,
      13268,
      13348,
      13445,
      13577,
      13591,
      13649,
      13678,
      13705,
      13707,
      13811,
      13832,
      13833,
      13839,
      13868,
      13915,
      13958,
      13965,
      13973,
      14012,
      14042,
      14086,
      14130,
      14233,
      14237,
      14240,
      14247,
      14294,
      14300,
      14321,
      14357,
      14358,
      14365,
      14400,
      14435,
      14472,
      14554,
      14617
    ],
    "invalid_labels": []
  },